dataset,model,bias_squared,variance,expected_loss
Breast Cancer Wisconsin,Decision Stump,0.09734513274336283,0.06646017699115045,0.11389380530973452
Breast Cancer Wisconsin,Single Tree,0.02654867256637168,0.05415929203539823,0.0752212389380531
Breast Cancer Wisconsin,AdaBoost,0.035398230088495575,0.012743362831858408,0.037699115044247784
Breast Cancer Wisconsin,Random Forest,0.02654867256637168,0.02097345132743363,0.047345132743362835
