dataset,components_for_90pct_variance,kmeans_best_k,kmeans_ari,dbscan_eps,dbscan_ari,dbscan_noise_fraction
Breast Cancer Wisconsin,7,2,0.6592305570949524,0.5455012778108452,0.44961598901306166,0.26537785588752194
Adult Income,22,3,0.13229775732277932,0.024060927996399462,0.0626055163866908,0.22022030219892716
Covertype,39,4,0.09075637778007688,0.04585574406728623,0.1327681019472047,0.1159
MNIST2Class,150,2,0.9476534509628175,0.6855059495165969,0.9207322375861153,0.02672530446549391
